Watershed,Year,Folder,Picname,cal
Kuskokwim,2019,Kusko,2019_kk_002.jpg,200
Kuskokwim,2019,Kusko,2019_kk_003.jpg,200
Kuskokwim,2019,Kusko,2019_kk_004.jpg,200
Kuskokwim,2019,Kusko,2019_kk_005.jpg,200
Kuskokwim,2019,Kusko,2019_kk_008.jpg,200
Kuskokwim,2019,Kusko,2019_kk_010.jpg,200
Kuskokwim,2019,Kusko,2019_kk_011.jpg,200
Kuskokwim,2019,Kusko,2019_kk_013.jpg,200
Kuskokwim,2019,Kusko,2019_kk_014.jpg,200
Kuskokwim,2019,Kusko,2019_kk_015.jpg,200
Kuskokwim,2019,Kusko,2019_kk_019.jpg,200
Kuskokwim,2019,Kusko,2019_kk_021.jpg,200
Kuskokwim,2019,Kusko,2019_kk_022.jpg,200
Kuskokwim,2019,Kusko,2019_kk_027.jpg,200
Kuskokwim,2019,Kusko,2019_kk_028.jpg,200
Kuskokwim,2019,Kusko,2019_kk_031.jpg,200
Kuskokwim,2019,Kusko,2019_kk_032.jpg,200
Kuskokwim,2019,Kusko,2019_kk_033.jpg,200
Kuskokwim,2019,Kusko,2019_kk_037.jpg,200
Kuskokwim,2019,Kusko,2019_kk_038.jpg,200
Kuskokwim,2019,Kusko,2019_kk_039.jpg,200
Kuskokwim,2019,Kusko,2019_kk_041.jpg,200
Kuskokwim,2019,Kusko,2019_kk_043.jpg,200
Kuskokwim,2019,Kusko,2019_kk_045.jpg,200
Kuskokwim,2019,Kusko,2019_kk_046.jpg,200
Kuskokwim,2019,Kusko,2019_kk_047.jpg,200
Kuskokwim,2019,Kusko,2019_kk_048.jpg,200
Kuskokwim,2019,Kusko,2019_kk_049.jpg,200
Kuskokwim,2019,Kusko,2019_kk_050.jpg,200
Kuskokwim,2019,Kusko,2019_kk_051.jpg,200
Kuskokwim,2019,Kusko,2019_kk_055.jpg,200
Kuskokwim,2019,Kusko,2019_kk_056.jpg,200
Kuskokwim,2019,Kusko,2019_kk_059.jpg,200
Kuskokwim,2019,Kusko,2019_kk_060.jpg,200
Kuskokwim,2019,Kusko,2019_kk_061.jpg,200
Kuskokwim,2019,Kusko,2019_kk_062.jpg,200
Kuskokwim,2019,Kusko,2019_kk_063.jpg,200
Kuskokwim,2019,Kusko,2019_kk_066.jpg,200
Kuskokwim,2019,Kusko,2019_kk_068.jpg,200
Kuskokwim,2019,Kusko,2019_kk_070.jpg,200
Kuskokwim,2019,Kusko,2019_kk_071.jpg,200
Kuskokwim,2019,Kusko,2019_kk_074.jpg,200
Kuskokwim,2019,Kusko,2019_kk_077.jpg,200
Kuskokwim,2019,Kusko,2019_kk_079.jpg,200
Kuskokwim,2019,Kusko,2019_kk_082.jpg,200
Kuskokwim,2019,Kusko,2019_kk_086.jpg,200
Kuskokwim,2019,Kusko,2019_kk_090.jpg,200
Kuskokwim,2019,Kusko,2019_kk_094.jpg,200
Kuskokwim,2019,Kusko,2019_kk_096.jpg,200
Kuskokwim,2019,Kusko,2019_kk_097.jpg,200
Kuskokwim,2019,Kusko,2019_kk_099.jpg,200
Kuskokwim,2019,Kusko,2019_kk_107.jpg,200
Kuskokwim,2019,Kusko,2019_kk_109.jpg,200
Kuskokwim,2019,Kusko,2019_kk_115.jpg,200
Kuskokwim,2019,Kusko,2019_kk_116.jpg,200
Kuskokwim,2019,Kusko,2019_kk_117.jpg,200
Kuskokwim,2019,Kusko,2019_kk_123.jpg,200
Kuskokwim,2019,Kusko,2019_kk_124.jpg,200
Kuskokwim,2019,Kusko,2019_kk_127.jpg,200
Kuskokwim,2019,Kusko,2019_kk_130.jpg,200
Kuskokwim,2019,Kusko,2019_kk_131.jpg,200
Kuskokwim,2019,Kusko,2019_kk_136.jpg,200
Kuskokwim,2019,Kusko,2019_kk_143.jpg,200
Kuskokwim,2019,Kusko,2019_kk_147.jpg,200
Kuskokwim,2019,Kusko,2019_kk_151.jpg,200
Kuskokwim,2019,Kusko,2019_kk_155.jpg,200
Kuskokwim,2019,Kusko,2019_kk_158.jpg,200
Kuskokwim,2019,Kusko,2019_kk_161.jpg,200
Kuskokwim,2019,Kusko,2019_kk_162.jpg,200
Kuskokwim,2019,Kusko,2019_kk_163.jpg,200
Kuskokwim,2019,Kusko,2019_kk_166.jpg,200
Kuskokwim,2019,Kusko,2019_kk_176.jpg,200
Kuskokwim,2019,Kusko,2019_kk_178.jpg,200
Kuskokwim,2019,Kusko,2019_kk_181.jpg,200
Kuskokwim,2019,Kusko,2019_kk_182.jpg,200
Kuskokwim,2019,Kusko,2019_kk_183.jpg,200
Kuskokwim,2019,Kusko,2019_kk_184.jpg,200
Kuskokwim,2019,Kusko,2019_kk_185.jpg,200
Kuskokwim,2019,Kusko,2019_kk_188.jpg,200
Kuskokwim,2019,Kusko,2019_kk_190.jpg,200
Kuskokwim,2019,Kusko,2019_kk_192.jpg,200
Kuskokwim,2019,Kusko,2019_kk_198.jpg,200
Kuskokwim,2019,Kusko,2019_kk_201.jpg,200
Kuskokwim,2019,Kusko,2019_kk_203.jpg,200
Kuskokwim,2019,Kusko,2019_kk_208.jpg,200
Kuskokwim,2019,Kusko,2019_kk_222.jpg,200
Kuskokwim,2019,Kusko,2019_kk_224.jpg,200
Kuskokwim,2019,Kusko,2019_kk_225.jpg,200
Kuskokwim,2019,Kusko,2019_kk_226.jpg,200
Kuskokwim,2019,Kusko,2019_kk_227.jpg,200
Kuskokwim,2019,Kusko,2019_kk_228.jpg,200
Kuskokwim,2019,Kusko,2019_kk_233.jpg,200
Kuskokwim,2019,Kusko,2019_kk_235.jpg,200
Kuskokwim,2019,Kusko,2019_kk_237.jpg,200
Kuskokwim,2019,Kusko,2019_kk_240.jpg,200
Kuskokwim,2019,Kusko,2019_kk_243.jpg,200
Kuskokwim,2019,Kusko,2019_kk_245.jpg,200
Kuskokwim,2019,Kusko,2019_kk_246.jpg,200
Kuskokwim,2019,Kusko,2019_kk_247.jpg,200
Kuskokwim,2019,Kusko,2019_kk_249.jpg,200
Kuskokwim,2019,Kusko,2019_kk_259.jpg,200
Kuskokwim,2019,Kusko,2019_kk_265.jpg,200
Kuskokwim,2019,Kusko,2019_kk_269.jpg,200
Kuskokwim,2019,Kusko,2019_kk_271.jpg,200
Kuskokwim,2019,Kusko,2019_kk_272.jpg,200
Kuskokwim,2019,Kusko,2019_kk_273.jpg,200
Kuskokwim,2019,Kusko,2019_kk_276.jpg,200
Kuskokwim,2019,Kusko,2019_kk_278.jpg,200
Kuskokwim,2019,Kusko,2019_kk_290.jpg,200
Kuskokwim,2019,Kusko,2019_kk_292.jpg,200
Kuskokwim,2019,Kusko,2019_kk_298.jpg,200
Kuskokwim,2019,Kusko,2019_kk_302.jpg,200
Kuskokwim,2019,Kusko,2019_kk_303.jpg,200
Kuskokwim,2019,Kusko,2019_kk_304.jpg,200
Kuskokwim,2019,Kusko,2019_kk_305.jpg,200
Kuskokwim,2019,Kusko,2019_kk_306.jpg,200
Kuskokwim,2019,Kusko,2019_kk_307.jpg,200
Kuskokwim,2019,Kusko,2019_kk_310.jpg,200
Kuskokwim,2019,Kusko,2019_kk_315.jpg,200
Kuskokwim,2019,Kusko,2019_kk_318.jpg,200
Kuskokwim,2019,Kusko,2019_kk_319.jpg,200
Kuskokwim,2019,Kusko,2019_kk_323.jpg,200
Kuskokwim,2019,Kusko,2019_kk_324.jpg,200
Kuskokwim,2019,Kusko,2019_kk_326.jpg,200
Kuskokwim,2019,Kusko,2019_kk_332.jpg,200
Kuskokwim,2019,Kusko,2019_kk_335.jpg,200
Kuskokwim,2019,Kusko,2019_kk_337.jpg,200
Kuskokwim,2019,Kusko,2019_kk_338.jpg,200
Kuskokwim,2019,Kusko,2019_kk_339.jpg,200
Kuskokwim,2019,Kusko,2019_kk_341.jpg,200
Kuskokwim,2019,Kusko,2019_kk_343.jpg,200
Kuskokwim,2019,Kusko,2019_kk_346.jpg,200
Kuskokwim,2019,Kusko,2019_kk_347.jpg,200
Kuskokwim,2019,Kusko,2019_kk_348.jpg,200
Kuskokwim,2019,Kusko,2019_kk_355.jpg,200
Kuskokwim,2019,Kusko,2019_kk_357.jpg,200
Kuskokwim,2019,Kusko,2019_kk_359.jpg,200
Kuskokwim,2019,Kusko,2019_kk_363.jpg,200
Kuskokwim,2019,Kusko,2019_kk_364.jpg,200
Kuskokwim,2019,Kusko,2019_kk_365.jpg,200
Kuskokwim,2019,Kusko,2019_kk_368.jpg,200
Kuskokwim,2019,Kusko,2019_kk_369.jpg,200
Kuskokwim,2019,Kusko,2019_kk_373.jpg,200
Kuskokwim,2019,Kusko,2019_kk_374.jpg,200
Kuskokwim,2019,Kusko,2019_kk_376.jpg,200
Kuskokwim,2019,Kusko,2019_kk_377.jpg,200
Kuskokwim,2019,Kusko,2019_kk_378.jpg,200
Kuskokwim,2019,Kusko,2019_kk_379.jpg,200
Kuskokwim,2019,Kusko,2019_kk_382.jpg,200
Kuskokwim,2019,Kusko,2019_kk_383.jpg,200
Kuskokwim,2019,Kusko,2019_kk_385.jpg,200
Kuskokwim,2019,Kusko,2019_kk_390.jpg,200
Kuskokwim,2019,Kusko,2019_kk_393.jpg,200
Kuskokwim,2019,Kusko,2019_kk_398.jpg,200
Kuskokwim,2019,Kusko,2019_kk_404.jpg,200
Kuskokwim,2019,Kusko,2019_kk_406.jpg,200
Kuskokwim,2019,Kusko,2019_kk_413.jpg,200
Kuskokwim,2019,Kusko,2019_kk_414.jpg,200
Kuskokwim,2019,Kusko,2019_kk_434.jpg,200
Kuskokwim,2019,Kusko,2019_kk_438.jpg,200
Kuskokwim,2019,Kusko,2019_kk_446.jpg,200
Kuskokwim,2019,Kusko,2019_kk_447.jpg,200
Kuskokwim,2019,Kusko,2019_kk_449.jpg,200
Kuskokwim,2019,Kusko,2019_kk_450.jpg,200
Kuskokwim,2019,Kusko,2019_kk_451.jpg,200
Kuskokwim,2019,Kusko,2019_kk_478.jpg,200
Kuskokwim,2019,Kusko,2019_kk_481.jpg,200
Kuskokwim,2019,Kusko,2019_kk_482.jpg,200
Kuskokwim,2019,Kusko,2019_kk_483.jpg,200
Kuskokwim,2019,Kusko,2019_kk_489.jpg,200
Kuskokwim,2019,Kusko,2019_kk_490.jpg,200
Kuskokwim,2020,Kusko,2020_kk_052.jpg,200
Kuskokwim,2020,Kusko,2020_kk_068.jpg,200
Kuskokwim,2020,Kusko,2020_kk_089.jpg,200
Kuskokwim,2020,Kusko,2020_kk_202.jpg,200
Kuskokwim,2020,Kusko,2020_kk_203.jpg,200
Kuskokwim,2020,Kusko,2020_kk_210.jpg,200
Kuskokwim,2020,Kusko,2020_kk_211.jpg,200
Kuskokwim,2020,Kusko,2020_kk_213.jpg,200
Kuskokwim,2020,Kusko,2020_kk_220.jpg,200
Kuskokwim,2020,Kusko,2020_kk_225.jpg,200
Kuskokwim,2020,Kusko,2020_kk_230.jpg,200
Kuskokwim,2020,Kusko,2020_kk_235.jpg,200
Kuskokwim,2020,Kusko,2020_kk_277.jpg,200
Kuskokwim,2020,Kusko,2020_kk_297.jpg,200
Kuskokwim,2020,Kusko,2020_kk_299.jpg,200
Kuskokwim,2020,Kusko,2020_kk_312.jpg,200
Kuskokwim,2021,Kusko,2021_kk_306.jpg,200
Kuskokwim,2021,Kusko,2021_kk_308.jpg,200
Kuskokwim,2021,Kusko,2021_kk_312.jpg,200
Kuskokwim,2021,Kusko,2021_kk_314.jpg,200
Kuskokwim,2021,Kusko,2021_kk_316.jpg,200
Kuskokwim,2021,Kusko,2021_kk_318.jpg,200
Kuskokwim,2021,Kusko,2021_kk_320.jpg,200
Kuskokwim,2021,Kusko,2021_kk_323.jpg,200
Kuskokwim,2021,Kusko,2021_kk_329.jpg,200
Kuskokwim,2021,Kusko,2021_kk_330.jpg,200
Kuskokwim,2021,Kusko,2021_kk_334.jpg,200
Kuskokwim,2021,Kusko,2021_kk_337.jpg,200
Kuskokwim,2021,Kusko,2021_kk_339.jpg,200
Kuskokwim,2021,Kusko,2021_kk_341.jpg,200
Kuskokwim,2021,Kusko,2021_kk_344.jpg,200
Kuskokwim,2021,Kusko,2021_kk_346.jpg,200
Kuskokwim,2021,Kusko,2021_kk_348.jpg,200
Kuskokwim,2021,Kusko,2021_kk_351.jpg,200
Kuskokwim,2021,Kusko,2021_kk_355.jpg,200
Kuskokwim,2021,Kusko,2021_kk_360.jpg,200
Kuskokwim,2021,Kusko,2021_kk_365.jpg,200
Kuskokwim,2021,Kusko,2021_kk_366.jpg,200
Kuskokwim,2021,Kusko,2021_kk_370.jpg,200
Kuskokwim,2021,Kusko,2021_kk_378.jpg,200
Kuskokwim,2022,Kusko,2022_kk_202.jpg,200
Kuskokwim,2022,Kusko,2022_kk_212.jpg,200
Kuskokwim,2022,Kusko,2022_kk_219.jpg,200
Kuskokwim,2022,Kusko,2022_kk_234.jpg,200
Kuskokwim,2022,Kusko,2022_kk_236.jpg,200
Kuskokwim,2022,Kusko,2022_kk_250.jpg,200
Kuskokwim,2022,Kusko,2022_kk_251.jpg,200
Kuskokwim,2022,Kusko,2022_kk_257.jpg,200
Kuskokwim,2022,Kusko,2022_kk_259.jpg,200
Kuskokwim,2022,Kusko,2022_kk_283.jpg,200
Kuskokwim,2022,Kusko,2022_kk_296.jpg,200
Kuskokwim,2022,Kusko,2022_kk_302.jpg,200
Kuskokwim,2022,Kusko,2022_kk_307.jpg,200
Kuskokwim,2022,Kusko,2022_kk_309.jpg,200
Kuskokwim,2022,Kusko,2022_kk_310.jpg,200
Kuskokwim,2022,Kusko,2022_kk_313.jpg,200
Kuskokwim,2022,Kusko,2022_kk_315.jpg,200
Kuskokwim,2022,Kusko,2022_kk_322.jpg,200
Kuskokwim,2022,Kusko,2022_kk_328.jpg,200
Kuskokwim,2022,Kusko,2022_kk_329.jpg,200
Kuskokwim,2022,Kusko,2022_kk_330.jpg,200
Kuskokwim,2022,Kusko,2022_kk_339.jpg,200
Kuskokwim,2022,Kusko,2022_kk_345.jpg,200
Kuskokwim,2022,Kusko,2022_kk_349.jpg,200
Kuskokwim,2022,Kusko,2022_kk_351.jpg,200
Kuskokwim,2022,Kusko,2022_kk_352.jpg,200
Kuskokwim,2022,Kusko,2022_kk_353.jpg,200
Kuskokwim,2022,Kusko,2022_kk_355.jpg,200
Kuskokwim,2022,Kusko,2022_kk_356.jpg,200
Kuskokwim,2022,Kusko,2022_kk_359.jpg,200
Kuskokwim,2022,Kusko,2022_kk_360.jpg,200
Kuskokwim,2022,Kusko,2022_kk_363.jpg,200
Kuskokwim,2022,Kusko,2022_kk_364.jpg,200
Kuskokwim,2022,Kusko,2022_kk_369.jpg,200
Kuskokwim,2022,Kusko,2022_kk_373.jpg,200
Kuskokwim,2022,Kusko,2022_kk_377.jpg,200
Kuskokwim,2022,Kusko,2022_kk_380.jpg,200
Kuskokwim,2022,Kusko,2022_kk_381.jpg,200
Kuskokwim,2022,Kusko,2022_kk_386.jpg,200
Kuskokwim,2023,Kusko,2023_kk_001.jpg,200
Kuskokwim,2023,Kusko,2023_kk_002.jpg,200
Kuskokwim,2023,Kusko,2023_kk_007.jpg,200
Kuskokwim,2023,Kusko,2023_kk_008.jpg,200
Kuskokwim,2023,Kusko,2023_kk_009.jpg,200
Kuskokwim,2023,Kusko,2023_kk_014.jpg,200
Kuskokwim,2023,Kusko,2023_kk_023.jpg,200
Kuskokwim,2023,Kusko,2023_kk_026.jpg,200
Kuskokwim,2023,Kusko,2023_kk_028.jpg,200
Kuskokwim,2023,Kusko,2023_kk_031.jpg,200
Kuskokwim,2023,Kusko,2023_kk_032.jpg,200
Kuskokwim,2023,Kusko,2023_kk_036.jpg,200
Kuskokwim,2023,Kusko,2023_kk_038.jpg,200
Kuskokwim,2023,Kusko,2023_kk_039.jpg,200
Kuskokwim,2023,Kusko,2023_kk_040.jpg,200
Kuskokwim,2023,Kusko,2023_kk_042.jpg,200
Kuskokwim,2023,Kusko,2023_kk_043.jpg,200
Kuskokwim,2023,Kusko,2023_kk_045.jpg,200
Kuskokwim,2023,Kusko,2023_kk_046.jpg,200
Kuskokwim,2023,Kusko,2023_kk_048.jpg,200
Kuskokwim,2023,Kusko,2023_kk_049.jpg,200
Kuskokwim,2023,Kusko,2023_kk_050.jpg,200
Kuskokwim,2023,Kusko,2023_kk_051.jpg,200
Kuskokwim,2023,Kusko,2023_kk_052.jpg,200
Kuskokwim,2023,Kusko,2023_kk_053.jpg,200
Kuskokwim,2023,Kusko,2023_kk_054.jpg,200
Kuskokwim,2023,Kusko,2023_kk_055.jpg,200
Kuskokwim,2023,Kusko,2023_kk_059.jpg,200
Kuskokwim,2023,Kusko,2023_kk_067.jpg,200
Kuskokwim,2023,Kusko,2023_kk_068.jpg,200
Kuskokwim,2023,Kusko,2023_kk_078.jpg,200
Kuskokwim,2023,Kusko,2023_kk_079.jpg,200
Kuskokwim,2023,Kusko,2023_kk_080.jpg,200
Kuskokwim,2023,Kusko,2023_kk_081.jpg,200
Kuskokwim,2023,Kusko,2023_kk_086.jpg,200
Kuskokwim,2023,Kusko,2023_kk_087.jpg,200
Kuskokwim,2023,Kusko,2023_kk_088.jpg,200
Kuskokwim,2023,Kusko,2023_kk_089.jpg,200
Kuskokwim,2023,Kusko,2023_kk_094.jpg,200
Kuskokwim,2023,Kusko,2023_kk_101.jpg,200
Kuskokwim,2023,Kusko,2023_kk_102.jpg,200
Kuskokwim,2023,Kusko,2023_kk_103.jpg,200
Kuskokwim,2023,Kusko,2023_kk_106.jpg,200
Kuskokwim,2023,Kusko,2023_kk_108.jpg,200
Kuskokwim,2023,Kusko,2023_kk_110.jpg,200
Kuskokwim,2023,Kusko,2023_kk_113.jpg,200
Kuskokwim,2023,Kusko,2023_kk_114.jpg,200
Kuskokwim,2023,Kusko,2023_kk_119.jpg,200
Kuskokwim,2023,Kusko,2023_kk_120.jpg,200
Kuskokwim,2023,Kusko,2023_kk_121.jpg,200
Kuskokwim,2023,Kusko,2023_kk_124.jpg,200
Kuskokwim,2023,Kusko,2023_kk_125.jpg,200
Kuskokwim,2023,Kusko,2023_kk_126.jpg,200
Kuskokwim,2023,Kusko,2023_kk_127.jpg,200
Kuskokwim,2023,Kusko,2023_kk_128.jpg,200
Kuskokwim,2023,Kusko,2023_kk_129.jpg,200
Kuskokwim,2023,Kusko,2023_kk_130.jpg,200
Kuskokwim,2023,Kusko,2023_kk_131.jpg,200
Kuskokwim,2023,Kusko,2023_kk_133.jpg,200
Kuskokwim,2023,Kusko,2023_kk_134.jpg,200
Kuskokwim,2023,Kusko,2023_kk_135.jpg,200
Kuskokwim,2023,Kusko,2023_kk_136.jpg,200
Kuskokwim,2023,Kusko,2023_kk_138.jpg,200
Kuskokwim,2023,Kusko,2023_kk_139.jpg,200
Kuskokwim,2023,Kusko,2023_kk_140.jpg,200
Kuskokwim,2023,Kusko,2023_kk_141.jpg,200
Kuskokwim,2023,Kusko,2023_kk_143.jpg,200
Kuskokwim,2023,Kusko,2023_kk_144.jpg,200
Kuskokwim,2023,Kusko,2023_kk_145.jpg,200
Kuskokwim,2023,Kusko,2023_kk_149.jpg,200
Kuskokwim,2023,Kusko,2023_kk_150.jpg,200
Kuskokwim,2023,Kusko,2023_kk_155.jpg,200
Kuskokwim,2023,Kusko,2023_kk_156.jpg,200
Kuskokwim,2023,Kusko,2023_kk_161.jpg,200
Kuskokwim,2023,Kusko,2023_kk_164.jpg,200
Kuskokwim,2023,Kusko,2023_kk_166.jpg,200
Kuskokwim,2023,Kusko,2023_kk_168.jpg,200
Kuskokwim,2023,Kusko,2023_kk_178.jpg,200
Kuskokwim,2023,Kusko,2023_kk_179.jpg,200
Kuskokwim,2023,Kusko,2023_kk_181.jpg,200
Kuskokwim,2023,Kusko,2023_kk_186.jpg,200
Kuskokwim,2023,Kusko,2023_kk_190.jpg,200
Kuskokwim,2023,Kusko,2023_kk_191.jpg,200
Kuskokwim,2023,Kusko,2023_kk_196.jpg,200
Kuskokwim,2023,Kusko,2023_kk_199.jpg,200
Kuskokwim,2023,Kusko,2023_kk_201.jpg,200
Kuskokwim,2023,Kusko,2023_kk_203.jpg,200
Kuskokwim,2023,Kusko,2023_kk_204.jpg,200
Kuskokwim,2023,Kusko,2023_kk_205.jpg,200
Kuskokwim,2023,Kusko,2023_kk_207.jpg,200
Kuskokwim,2023,Kusko,2023_kk_210.jpg,200
Kuskokwim,2023,Kusko,2023_kk_215.jpg,200
Kuskokwim,2023,Kusko,2023_kk_218.jpg,200
Kuskokwim,2023,Kusko,2023_kk_219.jpg,200
Kuskokwim,2023,Kusko,2023_kk_220.jpg,200
Kuskokwim,2023,Kusko,2023_kk_221.jpg,200
Kuskokwim,2024,Kusko,2024_kk_002.jpg,200
Kuskokwim,2024,Kusko,2024_kk_005.jpg,200
Kuskokwim,2024,Kusko,2024_kk_007.jpg,200
Kuskokwim,2024,Kusko,2024_kk_008.jpg,200
Kuskokwim,2024,Kusko,2024_kk_012.jpg,200
Kuskokwim,2024,Kusko,2024_kk_013.jpg,200
Kuskokwim,2024,Kusko,2024_kk_014.jpg,200
Kuskokwim,2024,Kusko,2024_kk_016.jpg,200
Kuskokwim,2024,Kusko,2024_kk_019.jpg,200
Kuskokwim,2024,Kusko,2024_kk_024.jpg,200
Kuskokwim,2024,Kusko,2024_kk_025.jpg,200
Kuskokwim,2024,Kusko,2024_kk_026.jpg,200
Kuskokwim,2024,Kusko,2024_kk_027.jpg,200
Kuskokwim,2024,Kusko,2024_kk_028.jpg,200
Kuskokwim,2024,Kusko,2024_kk_031.jpg,200
Kuskokwim,2024,Kusko,2024_kk_033.jpg,200
Kuskokwim,2024,Kusko,2024_kk_035.jpg,200
Kuskokwim,2024,Kusko,2024_kk_039.jpg,200
Kuskokwim,2024,Kusko,2024_kk_041.jpg,200
Kuskokwim,2024,Kusko,2024_kk_045.jpg,200
Kuskokwim,2024,Kusko,2024_kk_046.jpg,200
Kuskokwim,2024,Kusko,2024_kk_050.jpg,200
Kuskokwim,2024,Kusko,2024_kk_051.jpg,200
Kuskokwim,2024,Kusko,2024_kk_058.jpg,200
Kuskokwim,2024,Kusko,2024_kk_060.jpg,200
Kuskokwim,2024,Kusko,2024_kk_061.jpg,200
Kuskokwim,2024,Kusko,2024_kk_062.jpg,200
Kuskokwim,2024,Kusko,2024_kk_065.jpg,200
Kuskokwim,2024,Kusko,2024_kk_069.jpg,200
Kuskokwim,2024,Kusko,2024_kk_071.jpg,200
Kuskokwim,2024,Kusko,2024_kk_076.jpg,200
Kuskokwim,2024,Kusko,2024_kk_077.jpg,200
Kuskokwim,2024,Kusko,2024_kk_078.jpg,200
Kuskokwim,2024,Kusko,2024_kk_079.jpg,200
Kuskokwim,2024,Kusko,2024_kk_081.jpg,200
Kuskokwim,2024,Kusko,2024_kk_082.jpg,200
Kuskokwim,2024,Kusko,2024_kk_088.jpg,200
Kuskokwim,2024,Kusko,2024_kk_090.jpg,200
Kuskokwim,2024,Kusko,2024_kk_091.jpg,200
Kuskokwim,2024,Kusko,2024_kk_092.jpg,200
Kuskokwim,2024,Kusko,2024_kk_093.jpg,200
Kuskokwim,2024,Kusko,2024_kk_094.jpg,200
Kuskokwim,2024,Kusko,2024_kk_095.jpg,200
Kuskokwim,2024,Kusko,2024_kk_096.jpg,200
Kuskokwim,2024,Kusko,2024_kk_097.jpg,200
Kuskokwim,2024,Kusko,2024_kk_103.jpg,200
Kuskokwim,2024,Kusko,2024_kk_104.jpg,200
Kuskokwim,2024,Kusko,2024_kk_111.jpg,200
Kuskokwim,2024,Kusko,2024_kk_113.jpg,200
Kuskokwim,2024,Kusko,2024_kk_114.jpg,200
Kuskokwim,2024,Kusko,2024_kk_116.jpg,200
Kuskokwim,2024,Kusko,2024_kk_118.jpg,200
Kuskokwim,2024,Kusko,2024_kk_120.jpg,200
Kuskokwim,2024,Kusko,2024_kk_122.jpg,200
Kuskokwim,2024,Kusko,2024_kk_125.jpg,200
Kuskokwim,2024,Kusko,2024_kk_126.jpg,200
Kuskokwim,2024,Kusko,2024_kk_127.jpg,200
Kuskokwim,2024,Kusko,2024_kk_128.jpg,200
Kuskokwim,2024,Kusko,2024_kk_129.jpg,200
Kuskokwim,2024,Kusko,2024_kk_131.jpg,200
Kuskokwim,2024,Kusko,2024_kk_132.jpg,200
Kuskokwim,2024,Kusko,2024_kk_140.jpg,200
Kuskokwim,2024,Kusko,2024_kk_141.jpg,200
Kuskokwim,2024,Kusko,2024_kk_143.jpg,200
Kuskokwim,2024,Kusko,2024_kk_145.jpg,200
Kuskokwim,2024,Kusko,2024_kk_146.jpg,200
Kuskokwim,2024,Kusko,2024_kk_148.jpg,200
Kuskokwim,2024,Kusko,2024_kk_152.jpg,200
Kuskokwim,2024,Kusko,2024_kk_157.jpg,200
Kuskokwim,2024,Kusko,2024_kk_158.jpg,200
Kuskokwim,2024,Kusko,2024_kk_162.jpg,200
Kuskokwim,2024,Kusko,2024_kk_163.jpg,200
Kuskokwim,2024,Kusko,2024_kk_164.jpg,200
Kuskokwim,2024,Kusko,2024_kk_168.jpg,200
Kuskokwim,2024,Kusko,2024_kk_169.jpg,200
Kuskokwim,2024,Kusko,2024_kk_170.jpg,200
Kuskokwim,2024,Kusko,2024_kk_174.jpg,200
Kuskokwim,2024,Kusko,2024_kk_177.jpg,200
Kuskokwim,2024,Kusko,2024_kk_180.jpg,200
Kuskokwim,2024,Kusko,2024_kk_181.jpg,200
Kuskokwim,2024,Kusko,2024_kk_183.jpg,200
Kuskokwim,2024,Kusko,2024_kk_184.jpg,200
Kuskokwim,2024,Kusko,2024_kk_186.jpg,200
Kuskokwim,2024,Kusko,2024_kk_188.jpg,200
Kuskokwim,2024,Kusko,2024_kk_189.jpg,200
Kuskokwim,2024,Kusko,2024_kk_192.jpg,200
Kuskokwim,2024,Kusko,2024_kk_194.jpg,200
Kuskokwim,2024,Kusko,2024_kk_195.jpg,200
Yukon,2016,Yukon,2016_yk_151.jpg,200
Yukon,2016,Yukon,2016_yk_154.jpg,200
Yukon,2016,Yukon,2016_yk_157.jpg,200
Yukon,2016,Yukon,2016_yk_167.jpg,200
Yukon,2016,Yukon,2016_yk_170.jpg,200
Yukon,2016,Yukon,2016_yk_174.jpg,200
Yukon,2016,Yukon,2016_yk_178.jpg,200
Yukon,2016,Yukon,2016_yk_194.jpg,200
Yukon,2016,Yukon,2016_yk_197.jpg,200
Yukon,2016,Yukon,2016_yk_198.jpg,200
Yukon,2019,Yukon,2019_yk_026.jpg,200
Yukon,2019,Yukon,2019_yk_056.jpg,200
Yukon,2019,Yukon,2019_yk_059.jpg,200
Yukon,2019,Yukon,2019_yk_062.jpg,200
Yukon,2019,Yukon,2019_yk_065.jpg,200
Yukon,2019,Yukon,2019_yk_079.jpg,200
Yukon,2019,Yukon,2019_yk_091.jpg,200
Yukon,2019,Yukon,2019_yk_093.jpg,200
Yukon,2019,Yukon,2019_yk_096.jpg,200
Yukon,2019,Yukon,2019_yk_098.jpg,200
Yukon,2019,Yukon,2019_yk_107.jpg,200
Yukon,2019,Yukon,2019_yk_124.jpg,200
Yukon,2019,Yukon,2019_yk_148.jpg,200
Yukon,2019,Yukon,2019_yk_166.jpg,200
Yukon,2019,Yukon,2019_yk_219.jpg,200
Yukon,2019,Yukon,2019_yk_238.jpg,200
Yukon,2019,Yukon,2019_yk_245.jpg,200
Yukon,2019,Yukon,2019_yk_247.jpg,200
Yukon,2019,Yukon,2019_yk_248.jpg,200
Yukon,2019,Yukon,2019_yk_262.jpg,200
Yukon,2019,Yukon,2019_yk_263.jpg,200
Yukon,2019,Yukon,2019_yk_305.jpg,200
Yukon,2019,Yukon,2019_yk_309.jpg,200
Yukon,2019,Yukon,2019_yk_310.jpg,200
Yukon,2019,Yukon,2019_yk_311.jpg,200
Yukon,2019,Yukon,2019_yk_314.jpg,200
Yukon,2019,Yukon,2019_yk_316.jpg,200
Yukon,2019,Yukon,2019_yk_317.jpg,200
Yukon,2019,Yukon,2019_yk_337.jpg,200
Yukon,2019,Yukon,2019_yk_341.jpg,200
Yukon,2019,Yukon,2019_yk_347.jpg,200
Yukon,2019,Yukon,2019_yk_348.jpg,200
Yukon,2019,Yukon,2019_yk_361.jpg,200
Yukon,2019,Yukon,2019_yk_375.jpg,200
Yukon,2019,Yukon,2019_yk_492.jpg,200
Yukon,2020,Yukon,2020_yk_101.jpg,200
Yukon,2020,Yukon,2020_yk_102.jpg,200
Yukon,2020,Yukon,2020_yk_103.jpg,200
Yukon,2020,Yukon,2020_yk_108.jpg,200
Yukon,2020,Yukon,2020_yk_109.jpg,200
Yukon,2020,Yukon,2020_yk_112.jpg,200
Yukon,2020,Yukon,2020_yk_113.jpg,200
Yukon,2020,Yukon,2020_yk_114.jpg,200
Yukon,2020,Yukon,2020_yk_117.jpg,200
Yukon,2020,Yukon,2020_yk_123.jpg,200
Yukon,2020,Yukon,2020_yk_124.jpg,200
Yukon,2020,Yukon,2020_yk_132.jpg,200
Yukon,2020,Yukon,2020_yk_134.jpg,200
Yukon,2020,Yukon,2020_yk_137.jpg,200
Yukon,2020,Yukon,2020_yk_141.jpg,200
Yukon,2020,Yukon,2020_yk_142.jpg,200
Yukon,2020,Yukon,2020_yk_143.jpg,200
Yukon,2020,Yukon,2020_yk_145.jpg,200
Yukon,2020,Yukon,2020_yk_147.jpg,200
Yukon,2020,Yukon,2020_yk_148.jpg,200
Yukon,2020,Yukon,2020_yk_149.jpg,200
Yukon,2020,Yukon,2020_yk_151.jpg,200
Yukon,2020,Yukon,2020_yk_153.jpg,200
Yukon,2020,Yukon,2020_yk_155.jpg,200
Yukon,2020,Yukon,2020_yk_156.jpg,200
Yukon,2020,Yukon,2020_yk_159.jpg,200
Yukon,2020,Yukon,2020_yk_160.jpg,200
Yukon,2020,Yukon,2020_yk_161.jpg,200
Yukon,2020,Yukon,2020_yk_162.jpg,200
Yukon,2020,Yukon,2020_yk_163.jpg,200
Yukon,2020,Yukon,2020_yk_169.jpg,200
Yukon,2020,Yukon,2020_yk_171.jpg,200
Yukon,2020,Yukon,2020_yk_172.jpg,200
Yukon,2020,Yukon,2020_yk_173.jpg,200
Yukon,2020,Yukon,2020_yk_176.jpg,200
Yukon,2020,Yukon,2020_yk_177.jpg,200
Yukon,2020,Yukon,2020_yk_179.jpg,200
Yukon,2020,Yukon,2020_yk_180.jpg,200
Yukon,2020,Yukon,2020_yk_182.jpg,200
Yukon,2020,Yukon,2020_yk_185.jpg,200
Yukon,2020,Yukon,2020_yk_187.jpg,200
Yukon,2020,Yukon,2020_yk_192.jpg,200
Yukon,2020,Yukon,2020_yk_194.jpg,200
Yukon,2020,Yukon,2020_yk_195.jpg,200
Yukon,2020,Yukon,2020_yk_197.jpg,200
Yukon,2020,Yukon,2020_yk_199.jpg,200
Yukon,2020,Yukon,2020_yk_200.jpg,200
Yukon,2021,Yukon,2021_yk_002.jpg,200
Yukon,2021,Yukon,2021_yk_005.jpg,200
Yukon,2021,Yukon,2021_yk_007.jpg,200
Yukon,2021,Yukon,2021_yk_010.jpg,200
Yukon,2021,Yukon,2021_yk_014.jpg,200
Yukon,2021,Yukon,2021_yk_019.jpg,200
Yukon,2021,Yukon,2021_yk_023.jpg,200
Yukon,2021,Yukon,2021_yk_028.jpg,200
Yukon,2021,Yukon,2021_yk_030.jpg,200
Yukon,2021,Yukon,2021_yk_036.jpg,200
Yukon,2021,Yukon,2021_yk_037.jpg,200
Yukon,2021,Yukon,2021_yk_041.jpg,200
Yukon,2021,Yukon,2021_yk_044.jpg,200
Yukon,2021,Yukon,2021_yk_045.jpg,200
Yukon,2021,Yukon,2021_yk_047.jpg,200
Yukon,2021,Yukon,2021_yk_049.jpg,200
Yukon,2021,Yukon,2021_yk_051.jpg,200
Yukon,2021,Yukon,2021_yk_054.jpg,200
Yukon,2021,Yukon,2021_yk_057.jpg,200
Yukon,2021,Yukon,2021_yk_059.jpg,200
Yukon,2021,Yukon,2021_yk_060.jpg,200
Yukon,2021,Yukon,2021_yk_064.jpg,200
Yukon,2021,Yukon,2021_yk_065.jpg,200
Yukon,2021,Yukon,2021_yk_066.jpg,200
Yukon,2021,Yukon,2021_yk_067.jpg,200
Yukon,2021,Yukon,2021_yk_068.jpg,200
Yukon,2021,Yukon,2021_yk_071.jpg,200
Yukon,2021,Yukon,2021_yk_074.jpg,200
Yukon,2021,Yukon,2021_yk_075.jpg,200
Yukon,2021,Yukon,2021_yk_077.jpg,200
Yukon,2021,Yukon,2021_yk_082.jpg,200
Yukon,2021,Yukon,2021_yk_083.jpg,200
Yukon,2021,Yukon,2021_yk_084.jpg,200
Yukon,2021,Yukon,2021_yk_086.jpg,200
Yukon,2021,Yukon,2021_yk_092.jpg,200
Yukon,2021,Yukon,2021_yk_097.jpg,200
Yukon,2021,Yukon,2021_yk_106.jpg,200
Yukon,2021,Yukon,2021_yk_109.jpg,200
Yukon,2021,Yukon,2021_yk_122.jpg,200
Yukon,2021,Yukon,2021_yk_129.jpg,200
Yukon,2021,Yukon,2021_yk_130.jpg,200
Yukon,2021,Yukon,2021_yk_131.jpg,200
Yukon,2021,Yukon,2021_yk_141.jpg,200
Yukon,2021,Yukon,2021_yk_144.jpg,200
Yukon,2021,Yukon,2021_yk_146.jpg,200
Yukon,2021,Yukon,2021_yk_152.jpg,200
Yukon,2021,Yukon,2021_yk_153.jpg,200
Yukon,2021,Yukon,2021_yk_162.jpg,200
Yukon,2021,Yukon,2021_yk_164.jpg,200
Yukon,2021,Yukon,2021_yk_165.jpg,200
Yukon,2021,Yukon,2021_yk_169.jpg,200
Yukon,2021,Yukon,2021_yk_171.jpg,200
Yukon,2021,Yukon,2021_yk_176.jpg,200
Yukon,2021,Yukon,2021_yk_179.jpg,200
Yukon,2021,Yukon,2021_yk_181.jpg,200
Yukon,2021,Yukon,2021_yk_187.jpg,200
Yukon,2021,Yukon,2021_yk_191.jpg,200
Yukon,2021,Yukon,2021_yk_209.jpg,200
Yukon,2021,Yukon,2021_yk_210.jpg,200
Yukon,2021,Yukon,2021_yk_211.jpg,200
Yukon,2021,Yukon,2021_yk_217.jpg,200
Yukon,2021,Yukon,2021_yk_218.jpg,200
Yukon,2021,Yukon,2021_yk_302.jpg,200
Yukon,2021,Yukon,2021_yk_306.jpg,200
Yukon,2021,Yukon,2021_yk_308.jpg,200
Yukon,2021,Yukon,2021_yk_309.jpg,200
Yukon,2021,Yukon,2021_yk_310.jpg,200
Yukon,2021,Yukon,2021_yk_311.jpg,200
Yukon,2021,Yukon,2021_yk_312.jpg,200
Yukon,2021,Yukon,2021_yk_314.jpg,200
Yukon,2021,Yukon,2021_yk_315.jpg,200
Yukon,2021,Yukon,2021_yk_317.jpg,200
Yukon,2021,Yukon,2021_yk_318.jpg,200
Yukon,2021,Yukon,2021_yk_319.jpg,200
Yukon,2021,Yukon,2021_yk_322.jpg,200
Yukon,2021,Yukon,2021_yk_323.jpg,200
Yukon,2021,Yukon,2021_yk_328.jpg,200
Yukon,2021,Yukon,2021_yk_331.jpg,200
Yukon,2021,Yukon,2021_yk_334.jpg,200
Yukon,2021,Yukon,2021_yk_335.jpg,200
Yukon,2021,Yukon,2021_yk_338.jpg,200
Yukon,2021,Yukon,2021_yk_339.jpg,200
Yukon,2021,Yukon,2021_yk_341.jpg,200
Yukon,2021,Yukon,2021_yk_342.jpg,200
Yukon,2021,Yukon,2021_yk_344.jpg,200
Yukon,2021,Yukon,2021_yk_345.jpg,200
Yukon,2021,Yukon,2021_yk_346.jpg,200
Yukon,2021,Yukon,2021_yk_347.jpg,200
Yukon,2021,Yukon,2021_yk_349.jpg,200
Yukon,2021,Yukon,2021_yk_351.jpg,200
Yukon,2021,Yukon,2021_yk_355.jpg,200
Yukon,2021,Yukon,2021_yk_356.jpg,200
Yukon,2021,Yukon,2021_yk_357.jpg,200
Yukon,2021,Yukon,2021_yk_358.jpg,200
Yukon,2021,Yukon,2021_yk_359.jpg,200
Yukon,2021,Yukon,2021_yk_360.jpg,200
Yukon,2021,Yukon,2021_yk_361.jpg,200
Yukon,2021,Yukon,2021_yk_363.jpg,200
Yukon,2021,Yukon,2021_yk_364.jpg,200
Yukon,2021,Yukon,2021_yk_365.jpg,200
Yukon,2021,Yukon,2021_yk_366.jpg,200
Yukon,2021,Yukon,2021_yk_367.jpg,200
Yukon,2021,Yukon,2021_yk_369.jpg,200
Yukon,2021,Yukon,2021_yk_371.jpg,200
Yukon,2021,Yukon,2021_yk_373.jpg,200
Yukon,2021,Yukon,2021_yk_376.jpg,200
Yukon,2021,Yukon,2021_yk_377.jpg,200
Yukon,2021,Yukon,2021_yk_379.jpg,200
Yukon,2021,Yukon,2021_yk_381.jpg,200
Yukon,2021,Yukon,2021_yk_384.jpg,200
Yukon,2021,Yukon,2021_yk_386.jpg,200
Yukon,2021,Yukon,2021_yk_387.jpg,200
Yukon,2021,Yukon,2021_yk_388.jpg,200
Yukon,2021,Yukon,2021_yk_390.jpg,200
Yukon,2021,Yukon,2021_yk_395.jpg,200
Yukon,2021,Yukon,2021_yk_396.jpg,200
Yukon,2021,Yukon,2021_yk_397.jpg,200
Yukon,2021,Yukon,2021_yk_398.jpg,200
Yukon,2021,Yukon,2021_yk_399.jpg,200
Yukon,2021,Yukon,2021_yk_501.jpg,200
Yukon,2021,Yukon,2021_yk_513.jpg,200
Yukon,2021,Yukon,2021_yk_516.jpg,200
Yukon,2021,Yukon,2021_yk_521.jpg,200
Yukon,2021,Yukon,2021_yk_523.jpg,200
Yukon,2023,Yukon,2023_yk_004.jpg,200
Yukon,2023,Yukon,2023_yk_005.jpg,200
Yukon,2023,Yukon,2023_yk_006.jpg,200
Yukon,2023,Yukon,2023_yk_009.jpg,200
Yukon,2023,Yukon,2023_yk_012.jpg,200
Yukon,2023,Yukon,2023_yk_014.jpg,200
Yukon,2023,Yukon,2023_yk_018.jpg,200
Yukon,2023,Yukon,2023_yk_020.jpg,200
Yukon,2023,Yukon,2023_yk_021.jpg,200
Yukon,2023,Yukon,2023_yk_022.jpg,200
Yukon,2023,Yukon,2023_yk_024.jpg,200
Yukon,2023,Yukon,2023_yk_028.jpg,200
Yukon,2023,Yukon,2023_yk_031.jpg,200
Yukon,2023,Yukon,2023_yk_032.jpg,200
Yukon,2023,Yukon,2023_yk_033.jpg,200
Yukon,2023,Yukon,2023_yk_034.jpg,200
Yukon,2023,Yukon,2023_yk_035.jpg,200
Yukon,2023,Yukon,2023_yk_037.jpg,200
Yukon,2023,Yukon,2023_yk_040.jpg,200
Yukon,2023,Yukon,2023_yk_042.jpg,200
Yukon,2023,Yukon,2023_yk_043.jpg,200
Yukon,2023,Yukon,2023_yk_045.jpg,200
Yukon,2023,Yukon,2023_yk_046.jpg,200
Yukon,2023,Yukon,2023_yk_047.jpg,200
Yukon,2023,Yukon,2023_yk_052.jpg,200
Yukon,2023,Yukon,2023_yk_058.jpg,200
Yukon,2023,Yukon,2023_yk_059.jpg,200
Yukon,2023,Yukon,2023_yk_059a.jpg,200
Yukon,2023,Yukon,2023_yk_061.jpg,200
Yukon,2023,Yukon,2023_yk_062.jpg,200
Yukon,2023,Yukon,2023_yk_063.jpg,200
Yukon,2023,Yukon,2023_yk_070.jpg,200
Yukon,2023,Yukon,2023_yk_073.jpg,200
Yukon,2023,Yukon,2023_yk_082.jpg,200
Yukon,2023,Yukon,2023_yk_083.jpg,200
Yukon,2023,Yukon,2023_yk_084.jpg,200
Yukon,2023,Yukon,2023_yk_086.jpg,200
Yukon,2023,Yukon,2023_yk_088.jpg,200
Yukon,2023,Yukon,2023_yk_091.jpg,200
Yukon,2023,Yukon,2023_yk_094.jpg,200
Yukon,2023,Yukon,2023_yk_095.jpg,200
Yukon,2023,Yukon,2023_yk_096.jpg,200
Yukon,2023,Yukon,2023_yk_101.jpg,200
Yukon,2023,Yukon,2023_yk_102.jpg,200
Yukon,2023,Yukon,2023_yk_103.jpg,200
Yukon,2023,Yukon,2023_yk_104.jpg,200
Yukon,2023,Yukon,2023_yk_106.jpg,200
Yukon,2023,Yukon,2023_yk_108.jpg,200
Yukon,2023,Yukon,2023_yk_109.jpg,200
Yukon,2023,Yukon,2023_yk_111.jpg,200
Yukon,2023,Yukon,2023_yk_114.jpg,200
Yukon,2023,Yukon,2023_yk_115.jpg,200
Yukon,2023,Yukon,2023_yk_116.jpg,200
Yukon,2023,Yukon,2023_yk_117.jpg,200
Yukon,2023,Yukon,2023_yk_120.jpg,200
Yukon,2023,Yukon,2023_yk_122.jpg,200
Yukon,2023,Yukon,2023_yk_123.jpg,200
Yukon,2023,Yukon,2023_yk_124.jpg,200
Yukon,2023,Yukon,2023_yk_130.jpg,200
Yukon,2023,Yukon,2023_yk_132.jpg,200
Yukon,2023,Yukon,2023_yk_133.jpg,200
Yukon,2023,Yukon,2023_yk_146.jpg,200
Yukon,2023,Yukon,2023_yk_148.jpg,200
Yukon,2023,Yukon,2023_yk_149.jpg,200
Yukon,2023,Yukon,2023_yk_153.jpg,200
Yukon,2023,Yukon,2023_yk_155.jpg,200
Yukon,2024,Yukon,2024_yk_021.jpg,200
Yukon,2024,Yukon,2024_yk_037.jpg,200
Yukon,2024,Yukon,2024_yk_063.jpg,200
Yukon,2024,Yukon,2024_yk_069.jpg,200
Yukon,2024,Yukon,2024_yk_126.jpg,200
Yukon,2024,Yukon,2024_yk_127.jpg,200
Yukon,2024,Yukon,2024_yk_130.jpg,200
Yukon,2024,Yukon,2024_yk_138.jpg,200
Yukon,2024,Yukon,2024_yk_144.jpg,200
Yukon,2024,Yukon,2024_yk_148.jpg,200
Yukon,2024,Yukon,2024_yk_150.jpg,200
Yukon,2024,Yukon,2024_yk_155.jpg,200
Yukon,2024,Yukon,2024_yk_170.jpg,200
Yukon,2024,Yukon,2024_yk_188.jpg,200
Yukon,2024,Yukon,2024_yk_192.jpg,200
Nushagak,2015,Nush,2015_nk_002.jpg,200
Nushagak,2015,Nush,2015_nk_005.jpg,200
Nushagak,2015,Nush,2015_nk_006.jpg,200
Nushagak,2015,Nush,2015_nk_008.jpg,200
Nushagak,2015,Nush,2015_nk_010.jpg,200
Nushagak,2015,Nush,2015_nk_018.jpg,200
Nushagak,2015,Nush,2015_nk_021.jpg,200
Nushagak,2015,Nush,2015_nk_022.jpg,200
Nushagak,2015,Nush,2015_nk_024.jpg,200
Nushagak,2015,Nush,2015_nk_029.jpg,200
Nushagak,2015,Nush,2015_nk_034.jpg,200
Nushagak,2015,Nush,2015_nk_035.jpg,200
Nushagak,2015,Nush,2015_nk_044.jpg,200
Nushagak,2015,Nush,2015_nk_047.jpg,200
Nushagak,2015,Nush,2015_nk_048.jpg,200
Nushagak,2015,Nush,2015_nk_055.jpg,200
Nushagak,2015,Nush,2015_nk_057.jpg,200
Nushagak,2015,Nush,2015_nk_062.jpg,200
Nushagak,2015,Nush,2015_nk_063.jpg,200
Nushagak,2015,Nush,2015_nk_082.jpg,200
Nushagak,2015,Nush,2015_nk_083.jpg,200
Nushagak,2015,Nush,2015_nk_084.jpg,200
Nushagak,2015,Nush,2015_nk_085.jpg,200
Nushagak,2015,Nush,2015_nk_091.jpg,200
Nushagak,2015,Nush,2015_nk_093.jpg,200
Nushagak,2015,Nush,2015_nk_097.jpg,200
Nushagak,2015,Nush,2015_nk_099.jpg,200
Nushagak,2015,Nush,2015_nk_100.jpg,200
Nushagak,2017,Nush,2017_nk_101.jpg,200
Nushagak,2017,Nush,2017_nk_103.jpg,200
Nushagak,2017,Nush,2017_nk_104.jpg,200
Nushagak,2017,Nush,2017_nk_105.jpg,200
Nushagak,2017,Nush,2017_nk_108.jpg,200
Nushagak,2017,Nush,2017_nk_110.jpg,200
Nushagak,2017,Nush,2017_nk_111.jpg,200
Nushagak,2017,Nush,2017_nk_112.jpg,200
Nushagak,2017,Nush,2017_nk_113.jpg,200
Nushagak,2017,Nush,2017_nk_115.jpg,200
Nushagak,2017,Nush,2017_nk_116.jpg,200
Nushagak,2017,Nush,2017_nk_117.jpg,200
Nushagak,2017,Nush,2017_nk_119.jpg,200
Nushagak,2017,Nush,2017_nk_120.jpg,200
Nushagak,2017,Nush,2017_nk_121.jpg,200
Nushagak,2017,Nush,2017_nk_122.jpg,200
Nushagak,2017,Nush,2017_nk_123.jpg,200
Nushagak,2017,Nush,2017_nk_124.jpg,200
Nushagak,2017,Nush,2017_nk_126.jpg,200
Nushagak,2017,Nush,2017_nk_129.jpg,200
Nushagak,2017,Nush,2017_nk_130.jpg,200
Nushagak,2017,Nush,2017_nk_131.jpg,200
Nushagak,2017,Nush,2017_nk_132.jpg,200
Nushagak,2017,Nush,2017_nk_133.jpg,200
Nushagak,2017,Nush,2017_nk_134.jpg,200
Nushagak,2017,Nush,2017_nk_135.jpg,200
Nushagak,2017,Nush,2017_nk_136.jpg,200
Nushagak,2017,Nush,2017_nk_137.jpg,200
Nushagak,2017,Nush,2017_nk_140.jpg,200
Nushagak,2017,Nush,2017_nk_141.jpg,200
Nushagak,2017,Nush,2017_nk_143.jpg,200
Nushagak,2017,Nush,2017_nk_145.jpg,200
Nushagak,2017,Nush,2017_nk_146.jpg,200
Nushagak,2017,Nush,2017_nk_149.jpg,200
Nushagak,2017,Nush,2017_nk_150.jpg,200
Nushagak,2017,Nush,2017_nk_151.jpg,200
Nushagak,2017,Nush,2017_nk_153.jpg,200
Nushagak,2017,Nush,2017_nk_154.jpg,200
Nushagak,2017,Nush,2017_nk_155.jpg,200
Nushagak,2017,Nush,2017_nk_156.jpg,200
Nushagak,2017,Nush,2017_nk_157.jpg,200
Nushagak,2017,Nush,2017_nk_161.jpg,200
Nushagak,2017,Nush,2017_nk_162.jpg,200
Nushagak,2017,Nush,2017_nk_163.jpg,200
Nushagak,2017,Nush,2017_nk_164.jpg,200
Nushagak,2017,Nush,2017_nk_165.jpg,200
Nushagak,2017,Nush,2017_nk_167.jpg,200
Nushagak,2017,Nush,2017_nk_168.jpg,200
Nushagak,2017,Nush,2017_nk_169.jpg,200
Nushagak,2017,Nush,2017_nk_173.jpg,200
Nushagak,2017,Nush,2017_nk_174.jpg,200
Nushagak,2017,Nush,2017_nk_175.jpg,200
Nushagak,2017,Nush,2017_nk_177.jpg,200
Nushagak,2017,Nush,2017_nk_178.jpg,200
Nushagak,2017,Nush,2017_nk_180.jpg,200
Nushagak,2017,Nush,2017_nk_181.jpg,200
Nushagak,2017,Nush,2017_nk_183.jpg,200
Nushagak,2017,Nush,2017_nk_184.jpg,200
Nushagak,2017,Nush,2017_nk_186.jpg,200
Nushagak,2017,Nush,2017_nk_190.jpg,200
Nushagak,2017,Nush,2017_nk_192.jpg,200
Nushagak,2017,Nush,2017_nk_193.jpg,200
Nushagak,2017,Nush,2017_nk_194.jpg,200
Nushagak,2017,Nush,2017_nk_195.jpg,200
Nushagak,2017,Nush,2017_nk_196.jpg,200
Nushagak,2017,Nush,2017_nk_197.jpg,200
Nushagak,2017,Nush,2017_nk_200.jpg,200
Nushagak,2019,Nush,2019_nk_103.jpg,200
Nushagak,2019,Nush,2019_nk_104.jpg,200
Nushagak,2019,Nush,2019_nk_105.jpg,200
Nushagak,2019,Nush,2019_nk_107.jpg,200
Nushagak,2019,Nush,2019_nk_108.jpg,200
Nushagak,2019,Nush,2019_nk_109.jpg,200
Nushagak,2019,Nush,2019_nk_110.jpg,200
Nushagak,2019,Nush,2019_nk_111.jpg,200
Nushagak,2019,Nush,2019_nk_112.jpg,200
Nushagak,2019,Nush,2019_nk_113.jpg,200
Nushagak,2019,Nush,2019_nk_115.jpg,200
Nushagak,2019,Nush,2019_nk_116.jpg,200
Nushagak,2019,Nush,2019_nk_117.jpg,200
Nushagak,2019,Nush,2019_nk_119.jpg,200
Nushagak,2019,Nush,2019_nk_120.jpg,200
Nushagak,2019,Nush,2019_nk_121.jpg,200
Nushagak,2019,Nush,2019_nk_122.jpg,200
Nushagak,2019,Nush,2019_nk_123.jpg,200
Nushagak,2019,Nush,2019_nk_124.jpg,200
Nushagak,2019,Nush,2019_nk_125.jpg,200
Nushagak,2019,Nush,2019_nk_126.jpg,200
Nushagak,2019,Nush,2019_nk_127.jpg,200
Nushagak,2019,Nush,2019_nk_128.jpg,200
Nushagak,2019,Nush,2019_nk_129.jpg,200
Nushagak,2019,Nush,2019_nk_131.jpg,200
Nushagak,2019,Nush,2019_nk_132.jpg,200
Nushagak,2019,Nush,2019_nk_134.jpg,200
Nushagak,2019,Nush,2019_nk_135.jpg,200
Nushagak,2019,Nush,2019_nk_138.jpg,200
Nushagak,2019,Nush,2019_nk_139.jpg,200
Nushagak,2019,Nush,2019_nk_140.jpg,200
Nushagak,2019,Nush,2019_nk_141.jpg,200
Nushagak,2019,Nush,2019_nk_146.jpg,200
Nushagak,2019,Nush,2019_nk_147.jpg,200
Nushagak,2019,Nush,2019_nk_148.jpg,200
Nushagak,2019,Nush,2019_nk_149.jpg,200
Nushagak,2019,Nush,2019_nk_151.jpg,200
Nushagak,2019,Nush,2019_nk_153.jpg,200
Nushagak,2019,Nush,2019_nk_155.jpg,200
Nushagak,2019,Nush,2019_nk_158.jpg,200
Nushagak,2019,Nush,2019_nk_162.jpg,200
Nushagak,2019,Nush,2019_nk_163.jpg,200
Nushagak,2019,Nush,2019_nk_165.jpg,200
Nushagak,2019,Nush,2019_nk_167.jpg,200
Nushagak,2019,Nush,2019_nk_169.jpg,200
Nushagak,2019,Nush,2019_nk_170.jpg,200
Nushagak,2019,Nush,2019_nk_172.jpg,200
Nushagak,2019,Nush,2019_nk_173.jpg,200
Nushagak,2019,Nush,2019_nk_174.jpg,200
Nushagak,2019,Nush,2019_nk_175.jpg,200
Nushagak,2019,Nush,2019_nk_176.jpg,200
Nushagak,2019,Nush,2019_nk_177.jpg,200
Nushagak,2019,Nush,2019_nk_179.jpg,200
Nushagak,2019,Nush,2019_nk_181.jpg,200
Nushagak,2019,Nush,2019_nk_182.jpg,200
Nushagak,2019,Nush,2019_nk_184.jpg,200
Nushagak,2019,Nush,2019_nk_185.jpg,200
Nushagak,2019,Nush,2019_nk_186.jpg,200
Nushagak,2019,Nush,2019_nk_189.jpg,200
Nushagak,2019,Nush,2019_nk_190.jpg,200
Nushagak,2019,Nush,2019_nk_191.jpg,200
Nushagak,2019,Nush,2019_nk_192.jpg,200
Nushagak,2019,Nush,2019_nk_193.jpg,200
Nushagak,2019,Nush,2019_nk_195.jpg,200
Nushagak,2019,Nush,2019_nk_196.jpg,200
Nushagak,2019,Nush,2019_nk_197.jpg,200
Nushagak,2019,Nush,2019_nk_198.jpg,200
Nushagak,2019,Nush,2019_nk_200.jpg,200
Yukon,2019,Nush,2019_yk_026.jpg,200
Yukon,2019,Nush,2019_yk_056.jpg,200
Yukon,2019,Nush,2019_yk_059.jpg,200
Yukon,2019,Nush,2019_yk_062.jpg,200
Yukon,2019,Nush,2019_yk_065.jpg,200
Yukon,2019,Nush,2019_yk_079.jpg,200
Yukon,2019,Nush,2019_yk_091.jpg,200
Yukon,2019,Nush,2019_yk_093.jpg,200
Yukon,2019,Nush,2019_yk_096.jpg,200
Yukon,2019,Nush,2019_yk_098.jpg,200
Yukon,2019,Nush,2019_yk_107.jpg,200
Yukon,2019,Nush,2019_yk_124.jpg,200
Yukon,2019,Nush,2019_yk_148.jpg,200
Yukon,2019,Nush,2019_yk_166.jpg,200
Yukon,2019,Nush,2019_yk_219.jpg,200
Yukon,2019,Nush,2019_yk_238.jpg,200
Yukon,2019,Nush,2019_yk_245.jpg,200
Yukon,2019,Nush,2019_yk_247.jpg,200
Yukon,2019,Nush,2019_yk_248.jpg,200
Yukon,2019,Nush,2019_yk_262.jpg,200
Yukon,2019,Nush,2019_yk_263.jpg,200
Yukon,2019,Nush,2019_yk_305.jpg,200
Yukon,2019,Nush,2019_yk_309.jpg,200
Yukon,2019,Nush,2019_yk_310.jpg,200
Yukon,2019,Nush,2019_yk_311.jpg,200
Yukon,2019,Nush,2019_yk_314.jpg,200
Yukon,2019,Nush,2019_yk_316.jpg,200
Yukon,2019,Nush,2019_yk_317.jpg,200
Yukon,2019,Nush,2019_yk_337.jpg,200
Yukon,2019,Nush,2019_yk_341.jpg,200
Yukon,2019,Nush,2019_yk_347.jpg,200
Yukon,2019,Nush,2019_yk_348.jpg,200
Yukon,2019,Nush,2019_yk_361.jpg,200
Yukon,2019,Nush,2019_yk_375.jpg,200
Yukon,2019,Nush,2019_yk_492.jpg,200
Yukon,2021,Nush,2021_yk_002.jpg,200
Yukon,2021,Nush,2021_yk_005.jpg,200
Yukon,2021,Nush,2021_yk_007.jpg,200
Yukon,2021,Nush,2021_yk_010.jpg,200
Yukon,2021,Nush,2021_yk_014.jpg,200
Yukon,2021,Nush,2021_yk_019.jpg,200
Yukon,2021,Nush,2021_yk_023.jpg,200
Yukon,2021,Nush,2021_yk_028.jpg,200
Yukon,2021,Nush,2021_yk_030.jpg,200
Yukon,2021,Nush,2021_yk_036.jpg,200
Yukon,2021,Nush,2021_yk_037.jpg,200
Yukon,2021,Nush,2021_yk_041.jpg,200
Yukon,2021,Nush,2021_yk_044.jpg,200
Yukon,2021,Nush,2021_yk_045.jpg,200
Yukon,2021,Nush,2021_yk_047.jpg,200
Yukon,2021,Nush,2021_yk_049.jpg,200
Yukon,2021,Nush,2021_yk_051.jpg,200
Yukon,2021,Nush,2021_yk_054.jpg,200
Yukon,2021,Nush,2021_yk_057.jpg,200
Yukon,2021,Nush,2021_yk_059.jpg,200
Yukon,2021,Nush,2021_yk_060.jpg,200
Yukon,2021,Nush,2021_yk_064.jpg,200
Yukon,2021,Nush,2021_yk_065.jpg,200
Yukon,2021,Nush,2021_yk_066.jpg,200
Yukon,2021,Nush,2021_yk_067.jpg,200
Yukon,2021,Nush,2021_yk_068.jpg,200
Yukon,2021,Nush,2021_yk_071.jpg,200
Yukon,2021,Nush,2021_yk_074.jpg,200
Yukon,2021,Nush,2021_yk_075.jpg,200
Yukon,2021,Nush,2021_yk_077.jpg,200
Yukon,2021,Nush,2021_yk_082.jpg,200
Yukon,2021,Nush,2021_yk_083.jpg,200
Yukon,2021,Nush,2021_yk_084.jpg,200
Yukon,2021,Nush,2021_yk_086.jpg,200
Yukon,2021,Nush,2021_yk_092.jpg,200
Yukon,2021,Nush,2021_yk_097.jpg,200
Yukon,2021,Nush,2021_yk_106.jpg,200
Yukon,2021,Nush,2021_yk_109.jpg,200
Yukon,2021,Nush,2021_yk_122.jpg,200
Yukon,2021,Nush,2021_yk_129.jpg,200
Yukon,2021,Nush,2021_yk_130.jpg,200
Yukon,2021,Nush,2021_yk_191.jpg,200
Yukon,2021,Nush,2021_yk_302.jpg,200
Yukon,2021,Nush,2021_yk_306.jpg,200
Yukon,2021,Nush,2021_yk_308.jpg,200
Yukon,2021,Nush,2021_yk_311.jpg,200
Yukon,2021,Nush,2021_yk_312.jpg,200
Yukon,2021,Nush,2021_yk_314.jpg,200
Yukon,2021,Nush,2021_yk_318.jpg,200
Yukon,2021,Nush,2021_yk_322.jpg,200
Yukon,2021,Nush,2021_yk_323.jpg,200
Yukon,2021,Nush,2021_yk_334.jpg,200
Yukon,2021,Nush,2021_yk_335.jpg,200
Yukon,2021,Nush,2021_yk_338.jpg,200
Yukon,2021,Nush,2021_yk_339.jpg,200
Yukon,2021,Nush,2021_yk_341.jpg,200
Yukon,2021,Nush,2021_yk_344.jpg,200
Yukon,2021,Nush,2021_yk_345.jpg,200
Yukon,2021,Nush,2021_yk_347.jpg,200
Yukon,2021,Nush,2021_yk_349.jpg,200
Yukon,2021,Nush,2021_yk_356.jpg,200
Yukon,2021,Nush,2021_yk_357.jpg,200
Yukon,2021,Nush,2021_yk_358.jpg,200
Yukon,2021,Nush,2021_yk_360.jpg,200
Yukon,2021,Nush,2021_yk_363.jpg,200
Yukon,2021,Nush,2021_yk_364.jpg,200
Yukon,2021,Nush,2021_yk_365.jpg,200
Yukon,2021,Nush,2021_yk_366.jpg,200
Yukon,2021,Nush,2021_yk_369.jpg,200
Yukon,2021,Nush,2021_yk_379.jpg,200
Yukon,2021,Nush,2021_yk_388.jpg,200
Yukon,2021,Nush,2021_yk_395.jpg,200
Yukon,2021,Nush,2021_yk_396.jpg,200
Yukon,2021,Nush,2021_yk_397.jpg,200
Yukon,2021,Nush,2021_yk_501.jpg,200
Yukon,2021,Nush,2021_yk_513.jpg,200
Yukon,2021,Nush,2021_yk_516.jpg,200
Yukon,2021,Nush,2021_yk_521.jpg,200
Yukon,2021,Nush,2021_yk_523.jpg,200
Yukon,2024,Nush,2024_yk_021.jpg,200
Yukon,2024,Nush,2024_yk_037.jpg,200
Yukon,2024,Nush,2024_yk_063.jpg,200
Yukon,2024,Nush,2024_yk_069.jpg,200
Yukon,2024,Nush,2024_yk_126.jpg,200
Yukon,2024,Nush,2024_yk_127.jpg,200
Yukon,2024,Nush,2024_yk_130.jpg,200
Yukon,2024,Nush,2024_yk_138.jpg,200
Yukon,2024,Nush,2024_yk_144.jpg,200
Yukon,2024,Nush,2024_yk_148.jpg,200
Yukon,2024,Nush,2024_yk_150.jpg,200
Yukon,2024,Nush,2024_yk_155.jpg,200
Yukon,2024,Nush,2024_yk_170.jpg,200
Yukon,2024,Nush,2024_yk_188.jpg,200
Yukon,2024,Nush,2024_yk_192.jpg,200
